{
  "video": {
    "sites": [
      {
        "key": "爱看机器人",
        "name": "🐾丨爱看【📺️】",
        "type": 3,
        "api": "./ikanbot_open.js"
      },
      {
        "key": "快看影视",
        "name": "🐾丨快看【📺️】",
        "type": 3,
        "api": "./kkys_open.js"
      },
      {
        "key": "厂长资源",
        "name": "🐾丨厂长【📺️】",
        "type": 3,
        "api": "./czzy_open.js"
      },
      {
        "key": "鲲娱七七",
        "name": "🐾丨鲲娱【📺️】",
        "type": 3,
        "api": "./kunyu77_open.js"
      },
      {
        "key": "素白白",
        "name": "🐾丨素白【📺️】",
        "type": 3,
        "api": "./subaibai_open.js"
      },
      {
        "key": "南瓜",
        "name": "🐾丨南瓜【📺️】",
        "type": 3,
        "api": "./ng_open.js"
      },
      {
        "key": "libvio",
        "name": "🐾丨立播【📺️】",
        "type": 3,
        "api": "./libvio_open.js"
      },
      {
        "key": "在线之家",
        "name": "🐾丨在家【📺️】",
        "type": 3,
        "api": "./zxzj_open.js"
      },
      {
        "key": "一起看",
        "name": "🐾丨一起【📺️】",
        "type": 3,
        "api": "./yqktv_open.js"
      },
      {
        "key": "555电影",
        "name": "🐾丨三五【📺️】",
        "type": 3,
        "api": "./555dy_open.js"
      },
      {
        "key": "柚子影视",
        "name": "🐾丨柚子【📺️】",
        "type": 3,
        "api": "./yzys_open.js"
      },
      {
        "key": "伊人追剧",
        "name": "🐾丨伊人【📺️】",
        "type": 3,
        "api": "./yrzj_open.js"
      },
      {
        "key": "速搜视频",
        "name": "🐾丨速搜【📺️】",
        "type": 3,
        "api": "./sssp_open.js"
       }, 
       {
        "key": "咪酷视频",
        "name": "🐾丨咪酷【📺️】",
        "type": 3,
        "api": "./miku_open.js"
       }, 
       {
        "key": "图图影视",
        "name": "🐾丨图图【📺️】",
        "type": 3,
        "api": "./tutu_open.js"
       }, 
       {
        "key": "JOJO",
        "name": "🐾丨JoJo【📺️】",
        "type": 3,
        "api": "./jojo_open.js"
       }, 
       {
        "key": "布蕾影城",
        "name": "🐾丨布蕾【📺️】",
        "type": 3,
        "api": "./bulei_open.js"
       }, 
       {
        "key": "我的哔哩",
        "name": "🐾丨我哔【🅱】",
        "type": 3,
        "api": "./mybili_open.js"
       },
       {
        "key": "哔哩",
        "name": "🐾丨哔哩【🅱】",
        "type": 3,
        "api": "./bili_open.js",
        "ext": { 
        "categories": "音乐#动画#电影#电视剧#番剧#综艺#国创#搞笑#单机游戏#沙雕动画#沙雕穿越#沙雕",
        "cookie": "DedeUserID=690781341;DedeUserID__ckMd5=cabc96906269c5b6;SESSDATA=2245ba24%2C1684212125%2C466fd%2Ab2;bili_jct=de6fdb60c10f8a83910aa55d79407b4e;"
                   }
      },
      {
        "key": "影探vip",
        "name": "🐾丨影探【💖】",
        "type": 3,
        "api": "./yt_open.js",
        "ext": "http://ytcms.lyyytv.cn/api.php/app/"
      },
      {
        "key": "玩偶哥哥",
        "name": "🐾丨玩偶【💖】",
        "type": 3,
        "api": "./wogg_open.js",
        "ext": "请在此输入你的阿里token"
      },
      {
        "key": "火狐影视",
        "name": "🐾丨火狐【☯️】",
        "type": 3,
        "api": "./caiji.js",
        "ext": {
          "url": "https://hhzyapi.com/api.php/provide/vod/from/hhm3u8",
          "categories": ["内地剧","欧美剧","马泰剧","香港剧","台湾剧","韩剧","日剧","动作片","爱情片","喜剧片","科幻片","恐怖片","剧情片","战争片","灾难片","悬疑片","犯罪片","奇幻片","伦理片","记录片","动画片","中国动漫","日本动漫","欧美动漫","大陆综艺","日韩综艺","港台综艺","欧美综艺"]
      	  }
      },
      {
        "key": "新浪",
        "name": "🐾丨新浪【☯️】",
        "type": 3,
        "api": "./caiji.js",
        "ext": {
          "url": "https://api.xinlangapi.com/xinlangapi.php/provide/vod/from/xlm3u8",
          "categories": ["大陆剧","韩剧","日剧","泰剧","港澳剧","台湾剧","欧美剧","动作片","爱情片","科幻片","战争片","剧情片","恐怖片","喜剧片","纪录片","伦理片","动漫","动漫电影","综艺"]
        	}
      },
      {
        "key": "红牛",
        "name": "🐾丨红牛【☯️】",
        "type": 3,
        "api": "./caiji.js",
        "ext": {
          "url": "https://www.hongniuzy2.com/api.php/provide/vod/from/hnm3u8/",
          "categories": ["国产剧","港澳剧","日剧","欧美剧","台湾剧","泰剧","韩剧","动作片","喜剧片","爱情片","科幻片","恐怖片","剧情片","战争片","伦理片","纪录片","综艺","动漫","动漫电影"]
       	 }
      },
      {
        "key": "影图",
        "name": "🐾丨影图【☯️】",
        "type": 3,
        "api": "./caiji.js",
        "ext": {
          "url": "https://cj.vodimg.top/api.php/provide/vod",
          "categories": ["电影","连续剧","国产剧","港台剧","日韩剧","欧美剧","动作片","喜剧片","爱情片","科幻片","恐怖片","剧情片","战争片","综艺","动漫"]
        	}
      },
      {
        "key": "索尼资源",
        "name": "🐾丨索尼【☯️】",
        "type": 3,
        "api": "./caiji.js",
        "ext": {
          "url": "https://suoniapi.com/api.php/provide/vod/from/snm3u8/",
          "categories": ["国产剧","欧美剧","海外剧","韩剧","日剧","港剧","台剧","动作片","喜剧片","爱情片","科幻片","恐怖片","剧情片","战争片","伦理片","动画片","国产动漫","日韩动漫","欧美动漫","港台动漫","海外动漫","大陆综艺"]
      	  }
      },
      {
        "key": "快帆资源",
        "name": "🐾丨快帆【☯️】",
        "type": 3,
        "api": "./caiji.js",
        "ext": {
          "url": "https://api.kuaifan.tv/api.php/provide/vod",
          "categories": ["国产剧","香港剧","台湾剧","韩国剧","日本剧","欧美剧","动作片","喜剧片","爱情片","科幻片","古装片","历史片","动画片","国产动漫","欧美动漫","日本动漫","大陆综艺","港台综艺","日韩综艺","短片"]
      	  }
      },
      {
        "key": "速播资源",
        "name": "🐾丨速播【☯️】",
        "type": 3,
        "api": "./caiji.js",
        "ext": {
          "url": "https://subocaiji.com/api.php/provide/vod/from/subm3u8/",
          "categories": ["大陆剧","台湾剧","港澳剧","韩剧","美剧","日剧","泰剧","动作片","爱情片","科幻片","战争片","剧情片","恐怖片","喜剧片","纪录片","伦理片","动漫电影","中国动漫","日本动漫","欧美动漫","综艺"]	
	}
      },
      {
        "key": "享看",
        "name": "🐾丨享看【☯️】",
        "type": 3,
        "api": "./caiji.js",
        "ext": {
          "url": "https://xkanzy10.com/api.php/provide/vod",
          "categories": ["国产剧","港台剧","泰国剧","其他剧","动作片","喜剧片","爱情片","科幻片","恐怖片","剧情片","战争片","悬疑片","其他片","大陆综艺","港台综艺","日韩综艺","欧美综艺"]
       	 }
      },
      {
        "key": "虎牙资源",
        "name": "🐾丨虎牙【☯️】",
        "type": 3,
        "api": "./caiji.js",
        "ext": {
          "url": "https://www.huyaapi.com/api.php/provide/vod/from/hym3u8/",
          "categories": ["内地剧","欧美剧","香港剧","台湾剧","马泰剧","韩剧","日剧","动作片","爱情片","喜剧片","科幻片","恐怖片","剧情片","战争片","伦理片","记录片","动画片","中国动漫","日本动漫","欧美动漫","综艺"]
      	  }
      },
      {
        "key": "极速",
        "name": "🐾丨极速【☯️】",
        "type": 3,
        "api": "./caiji.js",
        "ext": {
          "url": "https://jszyapi.com/api.php/provide/vod/from/jsm3u8/",
          "categories": ["内地剧","欧美剧","香港剧","台湾剧","马泰剧","韩剧","日剧","动作片","爱情片","喜剧片","科幻片","恐怖片","灾难片","悬疑片","犯罪片","奇幻片","剧情片","战争片","伦理片","记录片","动画片","中国动漫","日本动漫","欧美动漫","大陆综艺","日韩综艺","港台综艺","欧美综艺"]
       	 }
      },
      {
        "key": "光速资源",
        "name": "🐾丨光速【☯️】",
        "type": 3,
        "api": "./caiji.js",
        "ext": {
          "url": "https://api.guangsuapi.com/api.php/provide/vod/from/gsm3u8",
          "categories": ["大陆剧","欧美剧","港澳剧","台湾剧","泰剧","韩剧","日剧","动作片","爱情片","喜剧片","科幻片","恐怖片","战争片","伦理片","动漫电影"]
       	 }
      },
      {
        "key": "海外看",
        "name": "🐾丨海外【☯️】",
        "type": 3,
        "api": "./caiji.js",
        "ext": {
        "url": "https://haiwaikan.com/api.php/provide/vod/from/haiwaikan",
        "categories": ["经典片","动作片","喜剧片","奇幻片","恐怖片","悬疑片","惊悚片","冒险片","灾难片","爱情片","犯罪片","科幻片","战争片","歌舞片","剧情片","纪录片","网络电影","国产剧","欧美剧","新马剧","日剧","韩剧","泰剧","港剧","台剧","其他剧","国产综艺","欧美综艺","日本综艺","韩国综艺","新马泰综艺","港台综艺","其他综艺","动画电影","国产动漫","欧美动漫","日本动漫","韩国动漫","新马泰动漫","港台动漫","其他动漫"]
	}
      },
    {
        "key": "夸克资源",
        "name": "🐾丨夸克【☯️】",
        "type": 3,
        "api": "./caiji.js",
        "ext": {"url": "http://kuakezy1.com/api.php/provide/vod/from/M3U8kuake",
        "categories": ["热门短剧","动作片","喜剧片","爱情片","科幻片","恐怖片","剧情片","战争片","纪录片","悬疑片","动画片","犯罪片","奇幻片","伦理片","国产剧","香港剧","台湾剧","韩国剧","美国剧","日本剧","海外剧","泰剧","大陆综艺","日韩综艺","港台综艺","欧美综艺","国产动漫","日韩动漫","欧美动漫"]}
    },
      {
        "key": "宅腐TV",
        "name": "🐾丨宅腐【☯️】",
        "type": 3,
        "api": "./appysv2.js",
        "ext": "http://app.zhaifutvapp.com/ruifenglb_api.php/v1.vod"
      },
      {
        "key": "琵琶视频",
        "name": "🐾丨琵琶【☯️】",
        "type": 3,
        "api": "./appysv2.js",
        "ext": "https://www.pipamovie.com/api.php/v1.vod"
      },
      {
        "key": "聚视网",
        "name": "🐾丨聚视【🌏️】",
        "type": 3,
        "api": "./cntv_open.js"
      },
      {
        "key": "兔小贝",
        "name": "🐾丨小贝【👶】",
        "type": 3,
        "api": "./tuxiaobei_open.js"
      },
      {
        "key": "贝乐虎",
        "name": "🐾丨乐虎【👶】",
        "type": 3,
        "api": "./ubestkid_open.js"
      },
      {
        "key": "酷奇MV",
        "name": "🐾丨酷奇【🎶】",
        "type": 3,
        "api": "./kuqimv_open.js"
      },
      {
        "key": "16万mv",
        "name": "🐾丨16万【🎶】",
        "type": 3,
        "api": "./caiji.js",
        "ext": "https://tvbox-mv--leosam2048.repl.co/mv/vod"
      },
      {
        "key": "播视网",
        "name": "🐾丨童趣【📲】",
        "type": 3,
        "api": "./boosj_open.js"
      },
      {
        "key": "短视频",
        "name": "🐾丨短片【📲】",
        "type": 3,
        "api": "./sharenice_open.js"
      },
      {
        "key": "泥巴",
        "name": "🐾丨泥巴【🚀】",
        "type": 3,
        "api": "./nivod_open.js",
        "ext": "做爱"
      },
      {
        "key": "独播库",
        "name": "🐾丨独播【🚀】",
        "type": 3,
        "api": "./duboku_open.js"
      },
      {
        "key": "xiaoya-tv",
        "name": "🐾丨小雅【🈚️】",
        "type": 3,
        "api": "./xiaoya.js",
        "ext": "部署alist-tvobx，IP+端口/vod1/"
      },
      {
        "key": "bilibili-tv",
        "name": "🐾丨小哔【🈚️】",
        "type": 3,
        "api": "./bilibili.js",
        "ext": "部署alist-tvobx，IP+端口/bilibili"
      }
    ]
  },
  "read": {
    "sites": [
      {
        "key": "爱上你听书网",
        "name": "🐾丨爱听【🎧】",
        "type": 10,
        "api": "./230ts_book_open.js"
      },
      {
        "key": "老白故事",
        "name": "🐾丨老白【🎧】",
        "type": 10,
        "api": "./lbgs_book_open.js"
      },
      {
        "key": "DJ0898网",
        "name": "🐾丨爱DJ【🎧】",
        "type": 10,
        "api": "./dj0898_book_open.js"
      },
      {
        "key": "博看书苑",
        "name": "🐾丨博看【🎧】",
        "type": 10,
        "api": "./bookan_book_open.js"
      }
    ]
  },
  "pan": {
    "sites": [
      {
        "key": "alist",
        "name": "Alist",
        "type": 40,
        "api": "./alist_open.js",
        "ext": [
          {
            "name": "🈚️小雅",
            "server": "部署alist-tvobx，IP+端口",
            "startPage": "/",
            "showAll": false,
            "search": true,
            "headers": {
              "Authorization": ""
            },
            "params": {
              "/abc": {
                "password": "123"
              },
              "/abc/abc": {
                "password": "123"
              }
            }
          },
          {
            "name": "🐾罗汉果🔞",
            "server": "https://lala-ofbip.run.goorm.site/"
          },
          {
            "name": "🐾合集大全",
            "server": "http://www.jczyl.top:5244/"
          },
          {
            "name": "🐾东哥",
            "server": "http://101.34.67.237:5244/"
          },
          {
            "name": "🐾美云",
            "server": "https://h.dfjx.ltd/"
          },
          {
            "name": "🐾小新盘",
            "server": "https://pan.cdnxin.top/"
          },
          {
            "name": "🐾白云tv",
            "server": "http://breadmyth.asuscomm.com:22222/"
          },
          {
            "name": "🐾小雅分类",
            "server": "http://www.214728327.xyz:5201/"
          },
          {
            "name": "🐾瑶瑶",
            "server": "https://lyly.run.goorm.io/"
          },
          {
            "name": "🐾潇洒个人",
            "server": "https://alist.azad.asia/"
          },
          {
            "name": "🐾鹏程",
            "server": "https://pan.pengcheng.team/"
          },
          {
            "name": "🐾轻弹浅唱",
            "server": "http://vtok.pp.ua/"
          },
          {
            "name": "🐾小丫",
            "server": "http://alist.xiaoya.pro/"
          },
          {
            "name": "🐾触光",
            "server": "https://pan.ichuguang.com"
          },
          {
            "name": "🐾星梦",
            "server": "https://pan.bashroot.top"
          },
          {
            "name": "🐾弱水分享",
            "server": "http://shicheng.wang:555/"
          },
          {
            "name": "🐾神器云",
            "server": "https://alist.ygxz.xyz/"
          },
          {
            "name": "🐾资源大站",
            "server": "https://pan.ecve.cn/"
          },
          {
            "name": "🐾雨呢",
            "server": "https://pan.clun.top/"
          },
          {
            "name": "🐾OEIO",
            "server": "https://o.oeio.repl.co/"
          },
          {
            "name": "🐾悦享盘",
            "server": "https://nics.eu.org/"
          },
          {
            "name": "🐾分享者",
            "server": "https://ofoo.ml/"
          },
          {
            "name": "🐾PRO",
            "server": "https://alist.prpr.run/"
          },
          {
            "name": "🐾小陈",
            "server": "https://ypan.cc/"
          },
          {
            "name": "🐾一只鱼",
            "server": "https://alist.youte.ml"
          },
          {
            "name": "🐾七米蓝",
            "server": "https://al.chirmyram.com"
          },
          {
            "name": "🐾神族九帝",
            "server": "https://alist.shenzjd.com"
          },
          {
            "name": "🐾姬路白雪",
            "server": "https://pan.jlbx.xyz"
          },
          {
            "name": "🐾星梦",
            "server": "https://pan.bashroot.top"
          },
          {
            "name": "🐾repl",
            "server": "https://ali.liucn.repl.co"
          },
          {
            "name": "🐾讯维云盘",
            "server": "https://pan.xwbeta.com"
          }
        ]
      }
    ]
  }
}